"slug","name","category_old","category_new","reason","hasCyrillic_old","hasCyrillic_new","uzLatin_ʻʼ","uzCyrillic_ЎҚҒҲ"
"aleo","Aleo","Display","Serif","Google Fonts metadata","false","false","false","false"
"architext","Architext","Display","Display","no signal","false","false","false","false"
"barlow","Barlow","Display","Sans","Google Fonts metadata","false","false","true","false"
"bebas-neue","Bebas Neue","Sans","Sans","kept","true","true","false","false"
"dreamerone","DreamerOne","Display","Script","visual check (file said Slab via sFamilyClass 4 — it is a brush script)","false","false","false","false"
"engebrechtre","Engebrechtre","Display","Display","no signal","false","false","false","false"
"engebrechtre-expanded","Engebrechtre Expanded","Display","Display","no signal","false","false","false","false"
"fivo-sans","Fivo Sans","Sans","Sans","kept","false","false","false","false"
"host-grotesk","Host Grotesk","Sans","Sans","kept","false","false","false","false"
"humane","Humane","Display","Display","no signal","false","false","false","false"
"inter-ui","Inter UI","Display","Sans","PANOSE sans","true","true","true","true"
"jost","Jost","Display","Sans","Google Fonts metadata","false","false","false","false"
"kirsty","Kirsty","Display","Display","no signal","false","false","false","false"
"lustrous","Lustrous","Display","Display","no signal","false","false","false","false"
"made-tommy","MADE TOMMY","Display","Sans","visual check (no signal in the file; geometric sans)","false","false","false","false"
"made-tommy-outline","MADE TOMMY Outline","Display","Display","no signal","false","false","false","false"
"manrope","Manrope","Display","Sans","Google Fonts metadata","true","true","false","false"
"mluvka","Mluvka","Display","Sans","visual check (no signal in the file; sans)","false","false","false","false"
"montserrat","Montserrat","Display","Sans","Google Fonts metadata","true","true","true","true"
"montserrat-alternates","Montserrat Alternates","Display","Sans","Google Fonts metadata","true","true","true","true"
"noto-sans","Noto Sans","Sans","Sans","kept","true","true","true","true"
"noto-sans-jp","Noto Sans JP","Sans","Sans","kept","true","true","false","false"
"noto-sans-kr","Noto Sans KR","Sans","Sans","kept","true","true","false","false"
"noto-sans-sc","Noto Sans SC","Sans","Sans","kept","true","true","false","false"
"noto-sans-tc","Noto Sans TC","Sans","Sans","kept","true","true","false","false"
"noto-sans-thai","Noto Sans Thai","Dingbat","Sans","Google Fonts metadata","false","false","false","false"
"noto-serif","Noto Serif","Serif","Serif","kept","true","true","true","true"
"poppins","Poppins","Display","Sans","Google Fonts metadata","false","false","false","false"
"rethink-sans","Rethink Sans","Sans","Sans","kept","false","false","false","false"
"sanity","Sanity","Display","Sans","sFamilyClass 8","false","false","false","false"
"sanity-wide","Sanity Wide","Display","Sans","sFamilyClass 8","false","false","false","false"
"source-sans-3","Source Sans 3","Sans","Sans","kept","true","true","true","true"
"source-sans-pro","Source Sans Pro","Sans","Sans","kept","true","true","true","true"
"source-serif-4","Source Serif 4","Serif","Serif","kept","true","true","true","true"
"space-grotesk","Space Grotesk","Sans","Sans","kept","false","false","true","false"
